{"initial_reset_timestamp": 298.4523999, "timestamps": [306.6097102], "episode_lengths": [200], "episode_rewards": [-131.38974248926377], "episode_types": ["t"]}